,method,iteration,data
0,IMT,0,-26.6239158723589
1,IMT,1,-25.23233554287342
2,IMT,2,-25.11606331917679
3,ITAL,0,-26.6239158723589
4,ITAL,1,-23.441544289786016
5,ITAL,2,-12.78333409226742
6,Batch,0,-26.6239158723589
7,Batch,1,-23.79589264447312
8,Batch,2,-24.13496918174918
9,SGD,0,-26.6239158723589
10,SGD,1,-23.941370109552256
11,SGD,2,-23.91718166525488
