,method,iteration,data
0,,0,56.18212831832311
1,,1,55.15332946469624
2,,2,57.09430849976324
