,method,iteration,data
0,,0,26.71015625
1,,1,27.996875
2,,2,27.596875
3,,3,26.19765625
4,,4,27.27109375
5,,5,26.16875
6,,6,27.63203125
7,,7,25.82265625
8,,8,29.146875
9,,9,27.421875
